country,birth_year,num_users
Albania,1989,1
Albania,1991,1
Albania,1992,5
Albania,1993,5
Albania,1994,2
Albania,1995,3
Albania,1996,1
Albania,1997,3
Albania,1998,3
Albania,1999,1
Albania,2000,1
Albania,2002,2
Albania,2003,2
Algeria,1988,1
Algeria,1989,4
Algeria,1990,2
Algeria,1991,4
Algeria,1992,9
Algeria,1993,8
Algeria,1994,9
Algeria,1995,8
Algeria,1996,5
Algeria,1997,7
Algeria,1998,7
Algeria,1999,6
Algeria,2000,4
Algeria,2002,3
Algeria,2005,1
Andorra,1988,1
Andorra,1992,1
Andorra,1995,2
Andorra,1996,1
Andorra,1998,1
Angola,1988,1
Angola,1989,1
Angola,1992,1
Angola,1993,2
Angola,1997,1
Angola,2002,1
Antarctica,1985,1
Antarctica,1988,1
Antarctica,1989,3
Antarctica,1990,3
Antarctica,1991,1
Antarctica,1992,3
Antarctica,1993,2
Antarctica,1994,2
Antarctica,1995,3
Antarctica,1997,2
Antarctica,1998,1
Antarctica,1999,1
Antarctica,2000,1
Antarctica,2001,1
Antigua and Barbuda,1987,1
Antigua and Barbuda,1995,1
Antigua and Barbuda,1998,1
Antigua and Barbuda,2002,1
Argentina,1970,1
Argentina,1971,1
Argentina,1973,1
Argentina,1975,1
Argentina,1976,2
Argentina,1979,2
Argentina,1980,4
Argentina,1981,1
Argentina,1982,5
Argentina,1983,9
Argentina,1984,11
Argentina,1985,5
Argentina,1986,21
Argentina,1987,19
Argentina,1988,37
Argentina,1989,49
Argentina,1990,65
Argentina,1991,52
Argentina,1992,40
Argentina,1993,50
Argentina,1994,63
Argentina,1995,43
Argentina,1996,60
Argentina,1997,44
Argentina,1998,43
Argentina,1999,47
Argentina,2000,30
Argentina,2001,15
Argentina,2002,7
Argentina,2003,1
Armenia,1987,2
Armenia,1988,1
Armenia,1993,1
Armenia,1994,1
Armenia,1997,1
Aruba,1991,1
Aruba,1994,1
Aruba,1996,2
Aruba,1997,2
Aruba,1999,1
Aruba,2000,1
Australia,1969,2
Australia,1970,1
Australia,1971,2
Australia,1973,3
Australia,1974,2
Australia,1975,2
Australia,1976,3
Australia,1978,5
Australia,1979,5
Australia,1980,8
Australia,1981,5
Australia,1982,17
Australia,1983,14
Australia,1984,11
Australia,1985,26
Australia,1986,36
Australia,1987,66
Australia,1988,72
Australia,1989,100
Australia,1990,169
Australia,1991,186
Australia,1992,229
Australia,1993,227
Australia,1994,238
Australia,1995,263
Australia,1996,250
Australia,1997,199
Australia,1998,162
Australia,1999,128
Australia,2000,81
Australia,2001,59
Australia,2002,15
Australia,2003,13
Australia,2004,1
Australia,2005,2
Australia,2006,2
Australia,2007,2
Austria,1974,1
Austria,1978,1
Austria,1981,2
Austria,1982,2
Austria,1983,4
Austria,1984,6
Austria,1985,5
Austria,1986,7
Austria,1987,11
Austria,1988,23
Austria,1989,25
Austria,1990,27
Austria,1991,40
Austria,1992,41
Austria,1993,23
Austria,1994,34
Austria,1995,28
Austria,1996,21
Austria,1997,25
Austria,1998,12
Austria,1999,12
Austria,2000,11
Austria,2001,4
Austria,2002,4
Austria,2003,1
Azerbaijan,1982,1
Azerbaijan,1987,1
Azerbaijan,1988,2
Azerbaijan,1989,1
Azerbaijan,1990,3
Azerbaijan,1991,3
Azerbaijan,1992,2
Azerbaijan,1993,4
Azerbaijan,1994,2
Azerbaijan,1995,7
Azerbaijan,1996,6
Azerbaijan,1997,1
Azerbaijan,1998,1
Azerbaijan,1999,4
Azerbaijan,2000,1
Azerbaijan,2001,1
Bahrain,1985,1
Bahrain,1986,3
Bahrain,1987,3
Bahrain,1988,4
Bahrain,1989,6
Bahrain,1990,6
Bahrain,1991,3
Bahrain,1992,7
Bahrain,1993,6
Bahrain,1994,10
Bahrain,1995,8
Bahrain,1996,4
Bahrain,1997,7
Bahrain,1998,5
Bahrain,1999,3
Bangladesh,1986,1
Bangladesh,1987,4
Bangladesh,1988,5
Bangladesh,1989,3
Bangladesh,1990,11
Bangladesh,1991,13
Bangladesh,1992,17
Bangladesh,1993,24
Bangladesh,1994,30
Bangladesh,1995,22
Bangladesh,1996,32
Bangladesh,1997,35
Bangladesh,1998,40
Bangladesh,1999,23
Bangladesh,2000,21
Bangladesh,2001,11
Bangladesh,2002,5
Bangladesh,2003,3
Bangladesh,2004,1
Barbados,1988,1
Barbados,1990,1
Barbados,1993,1
Barbados,1994,2
Barbados,1997,2
Belarus,1976,1
Belarus,1979,1
Belarus,1983,2
Belarus,1984,2
Belarus,1985,1
Belarus,1986,1
Belarus,1987,6
Belarus,1988,7
Belarus,1989,13
Belarus,1990,19
Belarus,1991,15
Belarus,1992,23
Belarus,1993,12
Belarus,1994,17
Belarus,1995,7
Belarus,1996,4
Belarus,1997,4
Belarus,1998,3
Belarus,1999,1
Belarus,2000,2
Belarus,2002,1
Belarus,2007,1
Belarus,2008,1
Belgium,1974,2
Belgium,1975,1
Belgium,1977,1
Belgium,1978,3
Belgium,1979,1
Belgium,1980,5
Belgium,1981,6
Belgium,1982,2
Belgium,1983,6
Belgium,1984,12
Belgium,1985,11
Belgium,1986,20
Belgium,1987,35
Belgium,1988,40
Belgium,1989,60
Belgium,1990,61
Belgium,1991,68
Belgium,1992,47
Belgium,1993,66
Belgium,1994,65
Belgium,1995,69
Belgium,1996,50
Belgium,1997,50
Belgium,1998,38
Belgium,1999,21
Belgium,2000,13
Belgium,2001,13
Belgium,2002,5
Belgium,2005,1
Belize,1983,1
Belize,1991,1
Belize,1992,2
Belize,1994,1
Belize,1999,1
Bermuda,1987,1
Bermuda,1988,1
Bermuda,1994,1
Bhutan,1988,1
Bhutan,1993,1
Bhutan,1994,1
Bhutan,1997,1
Bhutan,1999,1
Bolivia,1983,1
Bolivia,1987,1
Bolivia,1990,2
Bolivia,1991,1
Bolivia,1992,5
Bolivia,1993,2
Bolivia,1996,1
Bolivia,2000,1
Bosnia and Herzegovina,1984,2
Bosnia and Herzegovina,1985,3
Bosnia and Herzegovina,1986,3
Bosnia and Herzegovina,1987,1
Bosnia and Herzegovina,1988,4
Bosnia and Herzegovina,1989,3
Bosnia and Herzegovina,1990,7
Bosnia and Herzegovina,1991,8
Bosnia and Herzegovina,1992,7
Bosnia and Herzegovina,1993,9
Bosnia and Herzegovina,1994,8
Bosnia and Herzegovina,1995,8
Bosnia and Herzegovina,1996,9
Bosnia and Herzegovina,1997,7
Bosnia and Herzegovina,1998,4
Bosnia and Herzegovina,1999,3
Bosnia and Herzegovina,2000,1
Bosnia and Herzegovina,2001,1
Botswana,1987,1
Botswana,1993,1
Botswana,1996,1
Brazil,1970,2
Brazil,1971,3
Brazil,1974,5
Brazil,1975,5
Brazil,1976,3
Brazil,1977,14
Brazil,1978,4
Brazil,1979,12
Brazil,1980,13
Brazil,1981,16
Brazil,1982,34
Brazil,1983,40
Brazil,1984,62
Brazil,1985,75
Brazil,1986,107
Brazil,1987,133
Brazil,1988,182
Brazil,1989,231
Brazil,1990,335
Brazil,1991,343
Brazil,1992,422
Brazil,1993,496
Brazil,1994,600
Brazil,1995,647
Brazil,1996,618
Brazil,1997,577
Brazil,1998,481
Brazil,1999,403
Brazil,2000,318
Brazil,2001,193
Brazil,2002,141
Brazil,2003,73
Brazil,2004,29
Brazil,2005,13
Brazil,2006,4
British Virgin Islands,1988,1
British Virgin Islands,1994,1
Brunei,1981,1
Brunei,1988,4
Brunei,1989,1
Brunei,1990,2
Brunei,1991,4
Brunei,1992,2
Brunei,1993,2
Brunei,1994,4
Brunei,1995,10
Brunei,1996,4
Brunei,1997,3
Brunei,2001,1
Bulgaria,1981,1
Bulgaria,1982,2
Bulgaria,1984,4
Bulgaria,1985,2
Bulgaria,1986,12
Bulgaria,1987,13
Bulgaria,1988,36
Bulgaria,1989,41
Bulgaria,1990,59
Bulgaria,1991,63
Bulgaria,1992,79
Bulgaria,1993,75
Bulgaria,1994,78
Bulgaria,1995,88
Bulgaria,1996,64
Bulgaria,1997,55
Bulgaria,1998,31
Bulgaria,1999,33
Bulgaria,2000,13
Bulgaria,2001,17
Bulgaria,2002,4
Bulgaria,2003,9
Bulgaria,2004,3
Bulgaria,2005,1
Burkina Faso,1992,1
Cambodia,1987,2
Cambodia,1988,1
Cambodia,1993,2
Cambodia,1997,1
Cambodia,1998,1
Cameroon,1996,1
Canada,1969,3
Canada,1971,2
Canada,1972,4
Canada,1973,2
Canada,1974,3
Canada,1975,9
Canada,1976,5
Canada,1977,7
Canada,1978,5
Canada,1979,10
Canada,1980,22
Canada,1981,18
Canada,1982,22
Canada,1983,31
Canada,1984,53
Canada,1985,83
Canada,1986,104
Canada,1987,127
Canada,1988,165
Canada,1989,236
Canada,1990,353
Canada,1991,419
Canada,1992,431
Canada,1993,428
Canada,1994,441
Canada,1995,423
Canada,1996,378
Canada,1997,301
Canada,1998,222
Canada,1999,145
Canada,2000,89
Canada,2001,46
Canada,2002,27
Canada,2003,11
Canada,2004,7
Canada,2006,1
Canarias,1981,1
Canarias,1986,4
Canarias,1987,2
Canarias,1988,1
Canarias,1989,2
Canarias,1990,1
Canarias,1991,1
Canarias,1992,3
Canarias,1993,4
Canarias,1994,2
Canarias,1995,1
Canarias,1996,3
Canarias,1997,2
Canarias,1998,3
Canarias,1999,2
Canarias,2000,2
Canarias,2001,2
Cape Verde,1991,1
Cape Verde,1992,1
Cayman Islands,1992,1
Cayman Islands,1997,1
Cayman Islands,2000,1
Chad,1989,1
Chile,1972,1
Chile,1978,2
Chile,1979,1
Chile,1981,4
Chile,1982,6
Chile,1983,4
Chile,1984,6
Chile,1985,6
Chile,1986,10
Chile,1987,22
Chile,1988,20
Chile,1989,38
Chile,1990,35
Chile,1991,39
Chile,1992,45
Chile,1993,33
Chile,1994,43
Chile,1995,40
Chile,1996,30
Chile,1997,39
Chile,1998,22
Chile,1999,21
Chile,2000,18
Chile,2001,7
Chile,2002,2
Chile,2003,1
Chile,2007,1
China,1972,1
China,1983,1
China,1984,1
China,1985,5
China,1986,2
China,1987,5
China,1988,12
China,1989,10
China,1990,18
China,1991,8
China,1992,18
China,1993,16
China,1994,14
China,1995,15
China,1996,14
China,1997,16
China,1998,7
China,1999,8
China,2000,8
China,2001,7
China,2002,4
China,2003,2
Colombia,1974,1
Colombia,1976,1
Colombia,1979,2
Colombia,1980,2
Colombia,1981,1
Colombia,1982,2
Colombia,1983,1
Colombia,1984,7
Colombia,1985,3
Colombia,1986,14
Colombia,1987,7
Colombia,1988,19
Colombia,1989,16
Colombia,1990,23
Colombia,1991,16
Colombia,1992,27
Colombia,1993,20
Colombia,1994,20
Colombia,1995,21
Colombia,1996,20
Colombia,1997,9
Colombia,1998,9
Colombia,1999,10
Colombia,2000,9
Colombia,2001,7
Colombia,2002,6
Colombia,2003,2
Comoros,1999,1
Costa Rica,1971,1
Costa Rica,1978,2
Costa Rica,1981,2
Costa Rica,1982,1
Costa Rica,1983,1
Costa Rica,1985,3
Costa Rica,1986,2
Costa Rica,1987,8
Costa Rica,1988,5
Costa Rica,1989,9
Costa Rica,1990,4
Costa Rica,1991,5
Costa Rica,1992,8
Costa Rica,1993,4
Costa Rica,1994,6
Costa Rica,1995,7
Costa Rica,1996,9
Costa Rica,1997,12
Costa Rica,1998,9
Costa Rica,1999,6
Costa Rica,2000,4
Costa Rica,2001,3
Costa Rica,2002,1
Costa Rica,2003,1
Croatia,1977,1
Croatia,1979,1
Croatia,1981,1
Croatia,1982,2
Croatia,1983,2
Croatia,1984,2
Croatia,1985,6
Croatia,1986,10
Croatia,1987,17
Croatia,1988,24
Croatia,1989,32
Croatia,1990,35
Croatia,1991,51
Croatia,1992,41
Croatia,1993,40
Croatia,1994,31
Croatia,1995,37
Croatia,1996,35
Croatia,1997,29
Croatia,1998,31
Croatia,1999,22
Croatia,2000,10
Croatia,2001,6
Croatia,2002,2
Croatia,2003,1
Cuba,1991,1
Cuba,1994,1
Cuba,2000,1
Curaçao,1993,1
Curaçao,1997,1
Cyprus,1975,1
Cyprus,1983,1
Cyprus,1987,2
Cyprus,1988,1
Cyprus,1989,2
Cyprus,1990,2
Cyprus,1991,6
Cyprus,1992,1
Cyprus,1993,3
Cyprus,1994,3
Cyprus,1995,2
Cyprus,1996,2
Cyprus,1997,1
Cyprus,1998,3
Czech Republic,1976,1
Czech Republic,1979,1
Czech Republic,1980,1
Czech Republic,1981,3
Czech Republic,1982,3
Czech Republic,1983,2
Czech Republic,1984,3
Czech Republic,1985,10
Czech Republic,1986,11
Czech Republic,1987,12
Czech Republic,1988,19
Czech Republic,1989,20
Czech Republic,1990,16
Czech Republic,1991,26
Czech Republic,1992,28
Czech Republic,1993,39
Czech Republic,1994,36
Czech Republic,1995,36
Czech Republic,1996,27
Czech Republic,1997,37
Czech Republic,1998,22
Czech Republic,1999,25
Czech Republic,2000,16
Czech Republic,2001,14
Czech Republic,2002,4
Czech Republic,2003,3
Democratic Republic of the Congo,1990,2
Democratic Republic of the Congo,1994,1
Democratic Republic of the Congo,1997,1
Denmark,1972,1
Denmark,1980,2
Denmark,1981,2
Denmark,1982,4
Denmark,1983,3
Denmark,1984,7
Denmark,1985,6
Denmark,1986,16
Denmark,1987,18
Denmark,1988,22
Denmark,1989,31
Denmark,1990,46
Denmark,1991,56
Denmark,1992,63
Denmark,1993,41
Denmark,1994,57
Denmark,1995,51
Denmark,1996,55
Denmark,1997,49
Denmark,1998,30
Denmark,1999,24
Denmark,2000,17
Denmark,2001,10
Denmark,2002,5
Djibouti,1992,1
Djibouti,1995,1
Djibouti,2003,1
Dominica,1995,1
Dominica,1996,1
Dominica,2003,1
Dominican Republic,1980,3
Dominican Republic,1981,1
Dominican Republic,1984,2
Dominican Republic,1985,2
Dominican Republic,1986,3
Dominican Republic,1987,1
Dominican Republic,1988,2
Dominican Republic,1989,6
Dominican Republic,1990,3
Dominican Republic,1991,7
Dominican Republic,1992,6
Dominican Republic,1993,4
Dominican Republic,1994,4
Dominican Republic,1995,3
Dominican Republic,1996,2
Dominican Republic,1997,2
Dominican Republic,1998,4
Dominican Republic,1999,1
Dominican Republic,2000,1
Dominican Republic,2001,2
Ecuador,1984,1
Ecuador,1988,3
Ecuador,1990,3
Ecuador,1991,6
Ecuador,1992,4
Ecuador,1993,2
Ecuador,1994,2
Ecuador,1995,7
Ecuador,1996,2
Ecuador,1997,4
Ecuador,1998,4
Ecuador,1999,2
Ecuador,2002,2
Ecuador,2003,1
Ecuador,2005,1
Egypt,1978,1
Egypt,1982,1
Egypt,1983,1
Egypt,1984,1
Egypt,1985,7
Egypt,1986,3
Egypt,1987,3
Egypt,1988,2
Egypt,1989,10
Egypt,1990,21
Egypt,1991,11
Egypt,1992,20
Egypt,1993,16
Egypt,1994,29
Egypt,1995,32
Egypt,1996,27
Egypt,1997,26
Egypt,1998,15
Egypt,1999,9
Egypt,2000,11
Egypt,2001,3
Egypt,2002,1
Egypt,2003,1
El Salvador,1976,1
El Salvador,1983,1
El Salvador,1985,1
El Salvador,1986,2
El Salvador,1987,2
El Salvador,1988,1
El Salvador,1989,1
El Salvador,1990,1
El Salvador,1991,1
El Salvador,1993,1
El Salvador,1994,4
El Salvador,1995,4
El Salvador,1996,4
El Salvador,1997,1
El Salvador,1998,3
El Salvador,1999,1
Estonia,1980,1
Estonia,1982,1
Estonia,1983,2
Estonia,1984,2
Estonia,1985,2
Estonia,1986,6
Estonia,1987,12
Estonia,1988,13
Estonia,1989,8
Estonia,1990,15
Estonia,1991,28
Estonia,1992,27
Estonia,1993,28
Estonia,1994,30
Estonia,1995,23
Estonia,1996,31
Estonia,1997,17
Estonia,1998,16
Estonia,1999,8
Estonia,2000,4
Estonia,2001,5
Estonia,2004,1
Faroe Islands,1984,1
Faroe Islands,1992,1
Faroe Islands,1994,1
Faroe Islands,1995,2
Faroe Islands,1996,1
Faroe Islands,1997,1
Faroe Islands,1998,1
Fiji,1996,1
Fiji,1997,1
Fiji,1998,2
Fiji,2000,1
Finland,1969,1
Finland,1979,2
Finland,1980,1
Finland,1981,4
Finland,1982,3
Finland,1983,9
Finland,1984,14
Finland,1985,19
Finland,1986,24
Finland,1987,23
Finland,1988,58
Finland,1989,83
Finland,1990,105
Finland,1991,130
Finland,1992,117
Finland,1993,111
Finland,1994,92
Finland,1995,81
Finland,1996,59
Finland,1997,57
Finland,1998,44
Finland,1999,27
Finland,2000,17
Finland,2001,13
Finland,2002,6
Finland,2003,1
Finland,2007,1
France,1973,1
France,1974,2
France,1975,1
France,1976,5
France,1977,4
France,1978,4
France,1979,12
France,1980,17
France,1981,20
France,1982,24
France,1983,32
France,1984,42
France,1985,55
France,1986,67
France,1987,70
France,1988,86
France,1989,100
France,1990,139
France,1991,158
France,1992,157
France,1993,165
France,1994,174
France,1995,174
France,1996,177
France,1997,150
France,1998,125
France,1999,96
France,2000,55
France,2001,39
France,2002,18
France,2003,10
France,2004,1
France,2005,1
France,2006,2
French Guiana,1996,1
French Polynesia,1992,1
French Polynesia,1994,1
French Polynesia,1995,1
French Polynesia,1996,1
Gabon,1996,1
Georgia,1981,1
Georgia,1984,2
Georgia,1987,2
Georgia,1988,3
Georgia,1989,6
Georgia,1990,13
Georgia,1991,10
Georgia,1992,12
Georgia,1993,16
Georgia,1994,8
Georgia,1995,9
Georgia,1996,7
Georgia,1997,8
Georgia,1998,4
Georgia,1999,4
Georgia,2000,1
Georgia,2001,1
Georgia,2003,1
Germany,1969,3
Germany,1970,3
Germany,1972,1
Germany,1973,1
Germany,1974,2
Germany,1975,2
Germany,1976,3
Germany,1977,2
Germany,1978,3
Germany,1979,5
Germany,1980,11
Germany,1981,11
Germany,1982,18
Germany,1983,27
Germany,1984,43
Germany,1985,59
Germany,1986,90
Germany,1987,118
Germany,1988,164
Germany,1989,183
Germany,1990,246
Germany,1991,239
Germany,1992,276
Germany,1993,262
Germany,1994,215
Germany,1995,174
Germany,1996,176
Germany,1997,138
Germany,1998,126
Germany,1999,85
Germany,2000,71
Germany,2001,37
Germany,2002,12
Germany,2003,8
Germany,2004,2
Germany,2006,1
Germany,2007,1
Ghana,1988,1
Ghana,1997,1
Greece,1975,1
Greece,1977,1
Greece,1978,5
Greece,1979,4
Greece,1980,3
Greece,1981,2
Greece,1982,8
Greece,1983,4
Greece,1984,5
Greece,1985,9
Greece,1986,15
Greece,1987,17
Greece,1988,23
Greece,1989,39
Greece,1990,50
Greece,1991,51
Greece,1992,75
Greece,1993,56
Greece,1994,77
Greece,1995,59
Greece,1996,57
Greece,1997,68
Greece,1998,45
Greece,1999,31
Greece,2000,31
Greece,2001,14
Greece,2002,6
Greece,2003,3
Greenland,1982,1
Greenland,1992,1
Greenland,1995,1
Greenland,1998,2
Greenland,1999,2
Grenada,1988,1
Grenada,1990,1
Grenada,1998,1
Guam,1988,1
Guam,1990,1
Guam,1993,1
Guam,1994,5
Guam,1995,2
Guam,1996,2
Guam,1997,1
Guam,1998,1
Guatemala,1982,2
Guatemala,1984,1
Guatemala,1985,1
Guatemala,1986,1
Guatemala,1987,2
Guatemala,1988,2
Guatemala,1989,4
Guatemala,1990,4
Guatemala,1991,3
Guatemala,1992,2
Guatemala,1993,4
Guatemala,1994,2
Guatemala,1995,2
Guatemala,1996,5
Guatemala,1997,3
Guatemala,1998,4
Guatemala,2000,1
Guernsey,1982,1
Guernsey,1986,1
Guernsey,1987,1
Guernsey,1989,1
Guernsey,1992,6
Guernsey,1993,1
Guernsey,1995,2
Guernsey,1996,1
Guernsey,1997,1
Guernsey,1998,2
Guernsey,1999,2
Guinea,1993,1
Guinea,2000,1
Guyana,1988,1
Guyana,1989,1
Guyana,1991,1
Guyana,1993,1
Guyana,1994,1
Haiti,1985,1
Haiti,1995,1
Honduras,1985,1
Honduras,1987,1
Honduras,1988,1
Honduras,1991,3
Honduras,1992,3
Honduras,1993,1
Honduras,1994,2
Honduras,1995,3
Honduras,1996,2
Honduras,1997,1
Honduras,1998,1
Honduras,1999,1
Hungary,1969,2
Hungary,1970,1
Hungary,1972,1
Hungary,1973,1
Hungary,1976,1
Hungary,1977,2
Hungary,1978,1
Hungary,1979,4
Hungary,1980,2
Hungary,1981,5
Hungary,1982,6
Hungary,1983,9
Hungary,1984,15
Hungary,1985,22
Hungary,1986,35
Hungary,1987,62
Hungary,1988,59
Hungary,1989,71
Hungary,1990,88
Hungary,1991,103
Hungary,1992,89
Hungary,1993,75
Hungary,1994,55
Hungary,1995,49
Hungary,1996,34
Hungary,1997,22
Hungary,1998,14
Hungary,1999,21
Hungary,2000,9
Hungary,2001,13
Hungary,2002,3
Iceland,1971,1
Iceland,1984,1
Iceland,1985,2
Iceland,1986,1
Iceland,1987,1
Iceland,1988,1
Iceland,1989,8
Iceland,1990,3
Iceland,1991,3
Iceland,1992,5
Iceland,1993,8
Iceland,1994,3
Iceland,1995,2
Iceland,1996,7
Iceland,1997,5
Iceland,1998,3
Iceland,1999,5
Iceland,2000,1
India,1969,1
India,1978,1
India,1981,1
India,1982,1
India,1983,3
India,1984,1
India,1985,5
India,1986,10
India,1987,11
India,1988,21
India,1989,33
India,1990,32
India,1991,45
India,1992,63
India,1993,79
India,1994,88
India,1995,104
India,1996,116
India,1997,93
India,1998,93
India,1999,66
India,2000,60
India,2001,25
India,2002,9
India,2003,5
India,2004,4
India,2005,1
Indonesia,1969,1
Indonesia,1976,1
Indonesia,1978,1
Indonesia,1979,2
Indonesia,1980,4
Indonesia,1981,1
Indonesia,1982,4
Indonesia,1983,8
Indonesia,1984,7
Indonesia,1985,13
Indonesia,1986,16
Indonesia,1987,28
Indonesia,1988,23
Indonesia,1989,55
Indonesia,1990,94
Indonesia,1991,103
Indonesia,1992,128
Indonesia,1993,176
Indonesia,1994,213
Indonesia,1995,255
Indonesia,1996,268
Indonesia,1997,229
Indonesia,1998,227
Indonesia,1999,195
Indonesia,2000,138
Indonesia,2001,72
Indonesia,2002,43
Indonesia,2003,15
Indonesia,2004,7
Indonesia,2005,2
Iran,1978,1
Iran,1980,1
Iran,1982,1
Iran,1984,2
Iran,1986,3
Iran,1987,6
Iran,1988,6
Iran,1989,3
Iran,1990,7
Iran,1991,8
Iran,1992,6
Iran,1993,6
Iran,1994,5
Iran,1995,6
Iran,1996,8
Iran,1997,7
Iran,1998,5
Iran,1999,7
Iran,2000,1
Iran,2002,1
Iran,2003,2
Iraq,1979,1
Iraq,1982,1
Iraq,1985,3
Iraq,1986,1
Iraq,1987,1
Iraq,1988,1
Iraq,1989,3
Iraq,1990,2
Iraq,1991,1
Iraq,1992,7
Iraq,1993,5
Iraq,1994,2
Iraq,1995,6
Iraq,1996,5
Iraq,1997,10
Iraq,1998,7
Iraq,1999,5
Iraq,2000,4
Iraq,2001,3
Iraq,2002,2
Iraq,2003,1
Ireland,1977,1
Ireland,1979,2
Ireland,1980,1
Ireland,1981,1
Ireland,1982,4
Ireland,1983,3
Ireland,1984,3
Ireland,1985,7
Ireland,1986,8
Ireland,1987,17
Ireland,1988,18
Ireland,1989,11
Ireland,1990,26
Ireland,1991,32
Ireland,1992,27
Ireland,1993,28
Ireland,1994,28
Ireland,1995,27
Ireland,1996,34
Ireland,1997,25
Ireland,1998,18
Ireland,1999,10
Ireland,2000,11
Ireland,2001,6
Ireland,2002,1
Ireland,2003,2
Ireland,2008,1
Isle of Man,1996,1
Israel,1980,3
Israel,1983,1
Israel,1984,1
Israel,1985,7
Israel,1986,6
Israel,1987,10
Israel,1988,16
Israel,1989,12
Israel,1990,27
Israel,1991,51
Israel,1992,43
Israel,1993,77
Israel,1994,70
Israel,1995,55
Israel,1996,48
Israel,1997,23
Israel,1998,18
Israel,1999,16
Israel,2000,12
Israel,2001,6
Israel,2002,5
Israel,2004,2
Italy,1974,2
Italy,1975,3
Italy,1976,3
Italy,1977,5
Italy,1978,2
Italy,1979,5
Italy,1980,9
Italy,1981,11
Italy,1982,10
Italy,1983,15
Italy,1984,27
Italy,1985,37
Italy,1986,49
Italy,1987,64
Italy,1988,72
Italy,1989,98
Italy,1990,104
Italy,1991,112
Italy,1992,127
Italy,1993,133
Italy,1994,115
Italy,1995,89
Italy,1996,105
Italy,1997,82
Italy,1998,48
Italy,1999,54
Italy,2000,26
Italy,2001,19
Italy,2002,7
Italy,2003,3
Italy,2004,2
Ivory Coast,1998,1
Jamaica,1976,1
Jamaica,1980,1
Jamaica,1984,1
Jamaica,1985,1
Jamaica,1986,1
Jamaica,1987,1
Jamaica,1988,1
Jamaica,1989,1
Jamaica,1990,3
Jamaica,1991,4
Jamaica,1992,3
Jamaica,1993,4
Jamaica,1994,2
Jamaica,1995,3
Jamaica,1996,3
Jamaica,1997,3
Jamaica,1998,5
Jamaica,2000,1
Jamaica,2001,1
Jersey,1981,1
Jersey,1985,1
Jersey,1986,1
Jersey,1987,1
Jersey,1989,2
Jersey,1991,2
Jersey,1992,2
Jersey,1994,1
Jordan,1982,1
Jordan,1985,2
Jordan,1986,1
Jordan,1987,2
Jordan,1988,2
Jordan,1989,3
Jordan,1990,4
Jordan,1991,3
Jordan,1992,5
Jordan,1993,11
Jordan,1994,10
Jordan,1995,5
Jordan,1996,4
Jordan,1997,1
Jordan,1998,1
Jordan,1999,1
Jordan,2000,2
Jordan,2002,2
Jordan,2003,1
Kazakhstan,1977,1
Kazakhstan,1981,2
Kazakhstan,1984,1
Kazakhstan,1986,3
Kazakhstan,1987,1
Kazakhstan,1988,3
Kazakhstan,1989,4
Kazakhstan,1990,6
Kazakhstan,1991,7
Kazakhstan,1992,5
Kazakhstan,1993,5
Kazakhstan,1994,7
Kazakhstan,1995,3
Kazakhstan,1996,7
Kazakhstan,1997,2
Kazakhstan,1999,1
Kazakhstan,2002,1
Kenya,1982,1
Kenya,1987,1
Kenya,1988,1
Kenya,1989,4
Kenya,1991,1
Kenya,1992,2
Kenya,1993,3
Kenya,1994,2
Kenya,1996,3
Kenya,1998,1
Kenya,1999,1
Kenya,2000,1
Kiribati,1999,1
Kosovo,1988,1
Kosovo,1990,1
Kosovo,1995,2
Kosovo,1997,2
Kuwait,1981,1
Kuwait,1983,4
Kuwait,1984,6
Kuwait,1985,7
Kuwait,1986,8
Kuwait,1987,8
Kuwait,1988,5
Kuwait,1989,9
Kuwait,1990,8
Kuwait,1991,7
Kuwait,1992,12
Kuwait,1993,6
Kuwait,1994,6
Kuwait,1995,7
Kuwait,1996,13
Kuwait,1997,8
Kuwait,1998,3
Kuwait,1999,3
Kuwait,2000,3
Kuwait,2001,1
Kuwait,2004,1
Kyrgyzstan,1983,1
Laos,1996,1
Latvia,1977,1
Latvia,1978,1
Latvia,1982,1
Latvia,1984,3
Latvia,1985,7
Latvia,1986,8
Latvia,1987,7
Latvia,1988,17
Latvia,1989,18
Latvia,1990,34
Latvia,1991,34
Latvia,1992,53
Latvia,1993,27
Latvia,1994,32
Latvia,1995,24
Latvia,1996,8
Latvia,1997,14
Latvia,1998,13
Latvia,1999,7
Latvia,2000,2
Latvia,2001,2
Latvia,2002,2
Latvia,2003,1
Lebanon,1979,1
Lebanon,1980,1
Lebanon,1981,1
Lebanon,1982,1
Lebanon,1983,1
Lebanon,1985,2
Lebanon,1986,1
Lebanon,1987,1
Lebanon,1990,2
Lebanon,1991,2
Lebanon,1992,3
Lebanon,1993,4
Lebanon,1994,4
Lebanon,1995,4
Lebanon,1996,4
Lebanon,1997,3
Lebanon,1998,3
Lebanon,2000,1
Lebanon,2002,1
Liberia,1994,1
Liberia,1998,1
Liberia,2000,1
Libya,1985,1
Libya,1988,4
Libya,1989,1
Libya,1990,2
Libya,1991,3
Libya,1992,3
Libya,1993,2
Libya,1994,4
Libya,1995,3
Libya,1996,1
Libya,1997,1
Libya,1998,2
Libya,1999,2
Libya,2000,1
Libya,2001,1
Liechtenstein,1997,2
Liechtenstein,1998,1
Lithuania,1980,1
Lithuania,1982,1
Lithuania,1983,5
Lithuania,1984,6
Lithuania,1985,5
Lithuania,1986,9
Lithuania,1987,20
Lithuania,1988,26
Lithuania,1989,22
Lithuania,1990,61
Lithuania,1991,62
Lithuania,1992,66
Lithuania,1993,64
Lithuania,1994,73
Lithuania,1995,52
Lithuania,1996,47
Lithuania,1997,52
Lithuania,1998,25
Lithuania,1999,23
Lithuania,2000,16
Lithuania,2001,3
Lithuania,2002,2
Lithuania,2003,1
Luxembourg,1984,1
Luxembourg,1985,1
Luxembourg,1987,1
Luxembourg,1988,1
Luxembourg,1989,5
Luxembourg,1990,1
Luxembourg,1991,2
Luxembourg,1992,5
Luxembourg,1993,1
Luxembourg,1995,3
Luxembourg,1996,5
Luxembourg,1998,1
Luxembourg,1999,3
Luxembourg,2000,2
Luxembourg,2001,1
Macedonia,1978,1
Macedonia,1983,2
Macedonia,1984,1
Macedonia,1985,1
Macedonia,1988,1
Macedonia,1989,5
Macedonia,1990,2
Macedonia,1991,1
Macedonia,1992,5
Macedonia,1993,3
Macedonia,1995,2
Macedonia,1996,2
Macedonia,1997,2
Macedonia,1998,3
Macedonia,1999,1
Macedonia,2000,2
Madagascar,1982,1
Madagascar,1984,1
Madagascar,1991,2
Madagascar,1994,1
Madagascar,1995,1
Madagascar,1996,1
Madagascar,1997,1
Malaysia,1979,3
Malaysia,1980,6
Malaysia,1981,5
Malaysia,1982,4
Malaysia,1983,6
Malaysia,1984,12
Malaysia,1985,12
Malaysia,1986,10
Malaysia,1987,14
Malaysia,1988,42
Malaysia,1989,45
Malaysia,1990,52
Malaysia,1991,62
Malaysia,1992,71
Malaysia,1993,76
Malaysia,1994,93
Malaysia,1995,82
Malaysia,1996,74
Malaysia,1997,85
Malaysia,1998,56
Malaysia,1999,36
Malaysia,2000,39
Malaysia,2001,10
Malaysia,2002,8
Malaysia,2003,5
Malaysia,2004,1
Maldives,1985,1
Maldives,1988,1
Maldives,1990,1
Maldives,1991,3
Maldives,1992,4
Maldives,1994,2
Maldives,1996,1
Maldives,1997,2
Maldives,2000,1
Maldives,2003,1
Mali,1992,1
Mali,1994,1
Malta,1976,1
Malta,1980,1
Malta,1983,1
Malta,1984,1
Malta,1987,2
Malta,1988,2
Malta,1989,4
Malta,1990,2
Malta,1991,3
Malta,1992,6
Malta,1993,6
Malta,1994,6
Malta,1995,5
Malta,1996,6
Malta,1997,8
Malta,1998,4
Malta,1999,1
Malta,2000,1
Malta,2002,1
Marshall Islands,1996,1
Mauritania,1993,1
Mauritius,1985,1
Mauritius,1987,2
Mauritius,1988,1
Mauritius,1989,5
Mauritius,1990,2
Mauritius,1992,1
Mauritius,1993,4
Mauritius,1994,3
Mauritius,1995,4
Mauritius,1996,7
Mauritius,1999,3
Mauritius,2000,1
Mauritius,2001,1
Mexico,1970,2
Mexico,1975,1
Mexico,1976,2
Mexico,1977,1
Mexico,1978,1
Mexico,1979,1
Mexico,1980,6
Mexico,1981,5
Mexico,1982,10
Mexico,1983,12
Mexico,1984,18
Mexico,1985,23
Mexico,1986,31
Mexico,1987,35
Mexico,1988,42
Mexico,1989,56
Mexico,1990,75
Mexico,1991,54
Mexico,1992,62
Mexico,1993,68
Mexico,1994,68
Mexico,1995,72
Mexico,1996,59
Mexico,1997,43
Mexico,1998,37
Mexico,1999,17
Mexico,2000,13
Mexico,2001,13
Mexico,2002,5
Mexico,2003,3
Moldova,1985,2
Moldova,1986,1
Moldova,1987,4
Moldova,1988,1
Moldova,1989,1
Moldova,1990,3
Moldova,1991,3
Moldova,1992,8
Moldova,1993,4
Moldova,1994,8
Moldova,1995,3
Moldova,1996,2
Moldova,1997,6
Moldova,1998,2
Moldova,1999,3
Monaco,1992,2
Mongolia,1982,1
Mongolia,1984,1
Mongolia,1989,2
Mongolia,1990,2
Mongolia,1991,6
Mongolia,1992,4
Mongolia,1993,1
Mongolia,1994,9
Mongolia,1995,8
Mongolia,1996,4
Mongolia,1997,9
Mongolia,1998,6
Mongolia,1999,5
Mongolia,2000,1
Mongolia,2001,1
Mongolia,2002,2
Montenegro,1984,1
Montenegro,1986,2
Montenegro,1990,1
Montenegro,1991,1
Montenegro,1992,1
Montenegro,1994,2
Montenegro,1995,3
Montenegro,1996,2
Montenegro,1997,3
Montenegro,1998,1
Montenegro,2001,1
Morocco,1970,1
Morocco,1978,1
Morocco,1983,1
Morocco,1986,3
Morocco,1987,5
Morocco,1988,4
Morocco,1989,5
Morocco,1990,9
Morocco,1991,5
Morocco,1992,4
Morocco,1993,7
Morocco,1994,12
Morocco,1995,17
Morocco,1996,10
Morocco,1997,10
Morocco,1998,10
Morocco,1999,6
Morocco,2000,2
Morocco,2001,4
Morocco,2002,1
Mozambique,1988,1
Mozambique,1999,1
Myanmar,1988,1
Myanmar,1990,1
Myanmar,1991,1
Myanmar,1992,4
Myanmar,1993,1
Myanmar,1994,3
Myanmar,1995,2
Myanmar,1996,2
Myanmar,1998,1
Myanmar,2000,2
Myanmar,2001,1
Namibia,1981,1
Nepal,1987,1
Nepal,1988,1
Nepal,1989,1
Nepal,1990,1
Nepal,1991,4
Nepal,1992,1
Nepal,1993,1
Nepal,1994,2
Nepal,1995,6
Nepal,1996,6
Nepal,1997,6
Nepal,1998,3
Nepal,1999,5
Nepal,2001,4
Nepal,2002,4
Nepal,2003,2
Netherlands,1970,1
Netherlands,1971,1
Netherlands,1972,2
Netherlands,1973,2
Netherlands,1974,1
Netherlands,1975,1
Netherlands,1976,3
Netherlands,1977,3
Netherlands,1978,2
Netherlands,1979,8
Netherlands,1980,12
Netherlands,1981,10
Netherlands,1982,7
Netherlands,1983,17
Netherlands,1984,17
Netherlands,1985,25
Netherlands,1986,44
Netherlands,1987,68
Netherlands,1988,85
Netherlands,1989,101
Netherlands,1990,166
Netherlands,1991,197
Netherlands,1992,227
Netherlands,1993,252
Netherlands,1994,264
Netherlands,1995,242
Netherlands,1996,230
Netherlands,1997,171
Netherlands,1998,174
Netherlands,1999,118
Netherlands,2000,73
Netherlands,2001,36
Netherlands,2002,16
Netherlands,2003,7
Netherlands,2004,2
New Caledonia,1999,1
New Zealand,1979,1
New Zealand,1981,2
New Zealand,1982,1
New Zealand,1983,2
New Zealand,1984,4
New Zealand,1985,5
New Zealand,1986,7
New Zealand,1987,18
New Zealand,1988,7
New Zealand,1989,16
New Zealand,1990,39
New Zealand,1991,42
New Zealand,1992,37
New Zealand,1993,47
New Zealand,1994,62
New Zealand,1995,53
New Zealand,1996,45
New Zealand,1997,42
New Zealand,1998,42
New Zealand,1999,28
New Zealand,2000,22
New Zealand,2001,10
New Zealand,2002,8
New Zealand,2004,1
Nicaragua,1986,1
Nicaragua,1989,1
Nicaragua,1992,1
Nicaragua,1994,1
Nicaragua,1995,2
Nicaragua,1997,2
Nicaragua,1999,1
Nicaragua,2000,1
Nicaragua,2001,1
Nigeria,1980,1
Nigeria,1987,2
Nigeria,1989,2
Nigeria,1991,1
Nigeria,1992,3
Nigeria,1994,4
Nigeria,1995,2
Nigeria,1996,2
Nigeria,1997,1
Nigeria,1998,1
North Korea,1990,1
North Korea,1996,1
North Korea,1997,1
North Korea,2000,2
North Korea,2001,1
Northern Mariana Islands,1997,1
Northern Mariana Islands,1998,1
Norway,1972,1
Norway,1976,1
Norway,1977,1
Norway,1978,3
Norway,1979,1
Norway,1980,2
Norway,1982,3
Norway,1983,5
Norway,1984,7
Norway,1985,15
Norway,1986,19
Norway,1987,28
Norway,1988,38
Norway,1989,57
Norway,1990,78
Norway,1991,108
Norway,1992,114
Norway,1993,97
Norway,1994,109
Norway,1995,111
Norway,1996,85
Norway,1997,75
Norway,1998,69
Norway,1999,44
Norway,2000,30
Norway,2001,12
Norway,2002,3
Norway,2003,4
Norway,2004,1
Norway,2008,1
Oman,1984,1
Oman,1986,1
Oman,1987,1
Oman,1988,2
Oman,1990,4
Oman,1991,2
Oman,1992,1
Oman,1993,1
Oman,1996,1
Oman,1997,5
Oman,1998,1
Oman,1999,1
Oman,2001,1
Pakistan,1982,1
Pakistan,1983,2
Pakistan,1985,2
Pakistan,1987,1
Pakistan,1988,4
Pakistan,1989,5
Pakistan,1990,5
Pakistan,1991,7
Pakistan,1992,10
Pakistan,1993,17
Pakistan,1994,10
Pakistan,1995,22
Pakistan,1996,20
Pakistan,1997,12
Pakistan,1998,14
Pakistan,1999,14
Pakistan,2000,7
Pakistan,2001,6
Pakistan,2002,2
Pakistan,2003,1
Palestine,1989,3
Palestine,1990,1
Palestine,1991,2
Palestine,1992,1
Palestine,1994,2
Palestine,1995,1
Palestine,1996,2
Palestine,1998,1
Palestine,1999,1
Palestine,2000,2
Palestine,2001,1
Palestine,2002,1
Panama,1981,1
Panama,1982,2
Panama,1985,3
Panama,1987,2
Panama,1988,5
Panama,1989,2
Panama,1990,8
Panama,1991,4
Panama,1992,2
Panama,1993,2
Panama,1994,6
Panama,1995,3
Panama,1996,2
Panama,1997,6
Panama,1998,3
Panama,1999,2
Panama,2000,1
Panama,2001,2
Papua New Guinea,1992,1
Papua New Guinea,1993,1
Papua New Guinea,1996,1
Paraguay,1979,1
Paraguay,1988,3
Paraguay,1991,2
Paraguay,1992,1
Paraguay,1993,2
Paraguay,1994,1
Paraguay,1995,4
Paraguay,1996,3
Paraguay,1997,1
Paraguay,1998,1
Paraguay,1999,1
Paraguay,2001,1
Peru,1980,2
Peru,1982,1
Peru,1983,1
Peru,1984,6
Peru,1985,5
Peru,1986,8
Peru,1987,4
Peru,1988,8
Peru,1989,14
Peru,1990,18
Peru,1991,13
Peru,1992,9
Peru,1993,17
Peru,1994,12
Peru,1995,11
Peru,1996,8
Peru,1997,13
Peru,1998,10
Peru,1999,4
Peru,2000,6
Peru,2001,3
Peru,2002,1
Peru,2004,2
Philippines,1971,1
Philippines,1972,1
Philippines,1975,3
Philippines,1976,2
Philippines,1977,3
Philippines,1978,1
Philippines,1979,2
Philippines,1980,8
Philippines,1981,6
Philippines,1982,7
Philippines,1983,12
Philippines,1984,28
Philippines,1985,28
Philippines,1986,40
Philippines,1987,65
Philippines,1988,86
Philippines,1989,124
Philippines,1990,225
Philippines,1991,201
Philippines,1992,274
Philippines,1993,273
Philippines,1994,299
Philippines,1995,383
Philippines,1996,312
Philippines,1997,258
Philippines,1998,215
Philippines,1999,126
Philippines,2000,90
Philippines,2001,41
Philippines,2002,20
Philippines,2003,9
Philippines,2004,7
Philippines,2006,1
Philippines,2008,2
Pitcairn Islands,1991,1
Poland,1969,1
Poland,1976,2
Poland,1977,3
Poland,1978,3
Poland,1979,4
Poland,1980,5
Poland,1981,6
Poland,1982,8
Poland,1983,23
Poland,1984,38
Poland,1985,39
Poland,1986,112
Poland,1987,162
Poland,1988,294
Poland,1989,410
Poland,1990,489
Poland,1991,619
Poland,1992,632
Poland,1993,660
Poland,1994,655
Poland,1995,548
Poland,1996,481
Poland,1997,372
Poland,1998,279
Poland,1999,189
Poland,2000,150
Poland,2001,90
Poland,2002,35
Poland,2003,18
Poland,2004,8
Poland,2005,1
Portugal,1971,1
Portugal,1973,1
Portugal,1975,1
Portugal,1977,1
Portugal,1979,4
Portugal,1980,5
Portugal,1981,5
Portugal,1982,3
Portugal,1983,17
Portugal,1984,13
Portugal,1985,31
Portugal,1986,37
Portugal,1987,42
Portugal,1988,58
Portugal,1989,100
Portugal,1990,142
Portugal,1991,160
Portugal,1992,157
Portugal,1993,181
Portugal,1994,155
Portugal,1995,182
Portugal,1996,179
Portugal,1997,139
Portugal,1998,152
Portugal,1999,103
Portugal,2000,54
Portugal,2001,34
Portugal,2002,22
Portugal,2003,6
Portugal,2004,4
Portugal,2005,2
Puerto Rico,1972,1
Puerto Rico,1978,1
Puerto Rico,1980,3
Puerto Rico,1982,1
Puerto Rico,1984,1
Puerto Rico,1985,1
Puerto Rico,1986,5
Puerto Rico,1987,4
Puerto Rico,1988,5
Puerto Rico,1989,7
Puerto Rico,1990,10
Puerto Rico,1991,11
Puerto Rico,1992,14
Puerto Rico,1993,17
Puerto Rico,1994,14
Puerto Rico,1995,19
Puerto Rico,1996,13
Puerto Rico,1997,13
Puerto Rico,1998,7
Puerto Rico,1999,6
Puerto Rico,2003,1
Qatar,1981,1
Qatar,1983,2
Qatar,1985,1
Qatar,1986,4
Qatar,1988,2
Qatar,1989,2
Qatar,1990,3
Qatar,1991,3
Qatar,1992,2
Qatar,1993,4
Qatar,1994,7
Qatar,1995,2
Qatar,1996,6
Qatar,1997,5
Qatar,1998,5
Qatar,1999,4
Qatar,2001,2
Qatar,2002,2
Republic of Congo,1986,1
Republic of Serbia,1972,1
Republic of Serbia,1976,1
Republic of Serbia,1977,1
Republic of Serbia,1979,1
Republic of Serbia,1981,2
Republic of Serbia,1982,1
Republic of Serbia,1983,2
Republic of Serbia,1984,2
Republic of Serbia,1985,5
Republic of Serbia,1986,10
Republic of Serbia,1987,15
Republic of Serbia,1988,18
Republic of Serbia,1989,17
Republic of Serbia,1990,22
Republic of Serbia,1991,18
Republic of Serbia,1992,31
Republic of Serbia,1993,32
Republic of Serbia,1994,35
Republic of Serbia,1995,45
Republic of Serbia,1996,39
Republic of Serbia,1997,28
Republic of Serbia,1998,28
Republic of Serbia,1999,26
Republic of Serbia,2000,9
Republic of Serbia,2001,5
Republic of Serbia,2002,7
Republic of Serbia,2003,4
Romania,1969,1
Romania,1970,1
Romania,1977,1
Romania,1978,2
Romania,1979,1
Romania,1980,2
Romania,1981,1
Romania,1982,4
Romania,1983,5
Romania,1984,8
Romania,1985,11
Romania,1986,26
Romania,1987,28
Romania,1988,47
Romania,1989,66
Romania,1990,90
Romania,1991,74
Romania,1992,82
Romania,1993,100
Romania,1994,116
Romania,1995,109
Romania,1996,114
Romania,1997,112
Romania,1998,97
Romania,1999,55
Romania,2000,44
Romania,2001,24
Romania,2002,11
Romania,2003,5
Romania,2004,4
Romania,2005,1
Russia,1970,1
Russia,1972,1
Russia,1973,2
Russia,1974,2
Russia,1975,3
Russia,1976,2
Russia,1977,4
Russia,1978,1
Russia,1979,5
Russia,1980,10
Russia,1981,18
Russia,1982,22
Russia,1983,29
Russia,1984,45
Russia,1985,63
Russia,1986,112
Russia,1987,147
Russia,1988,227
Russia,1989,280
Russia,1990,372
Russia,1991,355
Russia,1992,395
Russia,1993,316
Russia,1994,297
Russia,1995,199
Russia,1996,141
Russia,1997,80
Russia,1998,74
Russia,1999,43
Russia,2000,15
Russia,2001,7
Russia,2002,6
Russia,2003,1
Russia,2008,1
Réunion,1985,1
Réunion,1988,1
Réunion,1993,1
Réunion,1998,1
Saint Kitts and Nevis,1995,2
Saint Kitts and Nevis,1996,1
Saint Lucia,1992,2
Saint Lucia,1995,1
Saint Lucia,1997,1
Saint Lucia,1999,1
Saint Pierre and Miquelon,1986,1
Saint Vincent and the Grenadines,1991,1
Saint Vincent and the Grenadines,1999,1
Samoa,1993,1
San Marino,1981,1
San Marino,1996,1
Saudi Arabia,1974,1
Saudi Arabia,1980,2
Saudi Arabia,1981,3
Saudi Arabia,1982,6
Saudi Arabia,1983,7
Saudi Arabia,1984,7
Saudi Arabia,1985,12
Saudi Arabia,1986,16
Saudi Arabia,1987,16
Saudi Arabia,1988,23
Saudi Arabia,1989,33
Saudi Arabia,1990,38
Saudi Arabia,1991,37
Saudi Arabia,1992,46
Saudi Arabia,1993,54
Saudi Arabia,1994,54
Saudi Arabia,1995,63
Saudi Arabia,1996,68
Saudi Arabia,1997,60
Saudi Arabia,1998,31
Saudi Arabia,1999,22
Saudi Arabia,2000,12
Saudi Arabia,2001,6
Saudi Arabia,2002,6
Saudi Arabia,2003,3
Saudi Arabia,2004,1
Saudi Arabia,2005,1
Sierra Leone,1987,1
Singapore,1973,1
Singapore,1977,2
Singapore,1979,1
Singapore,1980,5
Singapore,1981,3
Singapore,1982,2
Singapore,1983,7
Singapore,1984,7
Singapore,1985,7
Singapore,1986,10
Singapore,1987,22
Singapore,1988,28
Singapore,1989,27
Singapore,1990,47
Singapore,1991,53
Singapore,1992,60
Singapore,1993,65
Singapore,1994,76
Singapore,1995,81
Singapore,1996,71
Singapore,1997,64
Singapore,1998,38
Singapore,1999,29
Singapore,2000,20
Singapore,2001,14
Singapore,2002,9
Singapore,2003,5
Singapore,2005,1
Slovakia,1979,1
Slovakia,1980,1
Slovakia,1981,5
Slovakia,1982,4
Slovakia,1983,1
Slovakia,1984,5
Slovakia,1985,11
Slovakia,1986,12
Slovakia,1987,16
Slovakia,1988,17
Slovakia,1989,20
Slovakia,1990,27
Slovakia,1991,29
Slovakia,1992,22
Slovakia,1993,21
Slovakia,1994,19
Slovakia,1995,24
Slovakia,1996,23
Slovakia,1997,12
Slovakia,1998,17
Slovakia,1999,16
Slovakia,2000,10
Slovakia,2001,3
Slovakia,2002,2
Slovenia,1978,1
Slovenia,1980,1
Slovenia,1982,1
Slovenia,1983,1
Slovenia,1984,1
Slovenia,1985,3
Slovenia,1986,3
Slovenia,1987,5
Slovenia,1988,4
Slovenia,1989,8
Slovenia,1990,6
Slovenia,1991,8
Slovenia,1992,16
Slovenia,1993,9
Slovenia,1994,7
Slovenia,1995,8
Slovenia,1996,5
Slovenia,1997,3
Slovenia,1998,8
Slovenia,1999,3
Slovenia,2000,3
Slovenia,2001,3
Solomon Islands,1980,1
Somalia,2001,1
South Africa,1978,1
South Africa,1979,2
South Africa,1980,1
South Africa,1982,4
South Africa,1983,2
South Africa,1984,4
South Africa,1985,7
South Africa,1986,12
South Africa,1987,11
South Africa,1988,11
South Africa,1989,17
South Africa,1990,26
South Africa,1991,14
South Africa,1992,22
South Africa,1993,20
South Africa,1994,28
South Africa,1995,19
South Africa,1996,20
South Africa,1997,15
South Africa,1998,19
South Africa,1999,8
South Africa,2000,11
South Africa,2001,3
South Africa,2004,1
South Georgia and South Sandwich Islands,1991,1
South Korea,1982,1
South Korea,1984,1
South Korea,1985,2
South Korea,1986,1
South Korea,1987,6
South Korea,1988,12
South Korea,1989,9
South Korea,1990,9
South Korea,1991,8
South Korea,1992,3
South Korea,1993,14
South Korea,1994,6
South Korea,1995,9
South Korea,1996,16
South Korea,1997,9
South Korea,1998,13
South Korea,1999,5
South Korea,2000,3
South Korea,2003,1
Spain,1969,2
Spain,1972,1
Spain,1973,2
Spain,1974,1
Spain,1975,1
Spain,1977,2
Spain,1979,1
Spain,1980,6
Spain,1981,9
Spain,1982,9
Spain,1983,17
Spain,1984,20
Spain,1985,24
Spain,1986,34
Spain,1987,46
Spain,1988,43
Spain,1989,45
Spain,1990,93
Spain,1991,99
Spain,1992,129
Spain,1993,115
Spain,1994,143
Spain,1995,150
Spain,1996,146
Spain,1997,156
Spain,1998,150
Spain,1999,100
Spain,2000,52
Spain,2001,25
Spain,2002,15
Spain,2003,3
Sri Lanka,1986,1
Sri Lanka,1987,2
Sri Lanka,1989,2
Sri Lanka,1990,2
Sri Lanka,1991,2
Sri Lanka,1992,2
Sri Lanka,1993,1
Sri Lanka,1994,3
Sri Lanka,1995,6
Sri Lanka,1996,4
Sri Lanka,1997,2
Sri Lanka,1998,5
Sri Lanka,1999,4
Sri Lanka,2000,4
Sri Lanka,2001,4
Sri Lanka,2002,1
Sri Lanka,2005,1
Sudan,1986,1
Sudan,1991,1
Sudan,1993,1
Sudan,1994,2
Sudan,1995,4
Sudan,1996,1
Sudan,1997,3
Sudan,1998,4
Sudan,1999,1
Suriname,1988,1
Suriname,1989,1
Suriname,1992,1
Suriname,1996,1
Suriname,1997,1
Suriname,2000,1
Svalbard,1988,1
Svalbard,1992,1
Swaziland,1993,1
Sweden,1969,1
Sweden,1973,1
Sweden,1974,3
Sweden,1976,3
Sweden,1977,4
Sweden,1978,1
Sweden,1979,6
Sweden,1980,3
Sweden,1981,7
Sweden,1982,14
Sweden,1983,14
Sweden,1984,21
Sweden,1985,34
Sweden,1986,41
Sweden,1987,56
Sweden,1988,108
Sweden,1989,116
Sweden,1990,144
Sweden,1991,167
Sweden,1992,143
Sweden,1993,160
Sweden,1994,152
Sweden,1995,143
Sweden,1996,130
Sweden,1997,97
Sweden,1998,83
Sweden,1999,62
Sweden,2000,48
Sweden,2001,23
Sweden,2002,12
Sweden,2003,8
Sweden,2004,4
Sweden,2006,1
Switzerland,1972,1
Switzerland,1979,2
Switzerland,1981,1
Switzerland,1982,1
Switzerland,1984,2
Switzerland,1985,4
Switzerland,1986,6
Switzerland,1987,5
Switzerland,1988,7
Switzerland,1989,18
Switzerland,1990,21
Switzerland,1991,13
Switzerland,1992,13
Switzerland,1993,14
Switzerland,1994,20
Switzerland,1995,18
Switzerland,1996,19
Switzerland,1997,17
Switzerland,1998,14
Switzerland,1999,8
Switzerland,2000,8
Switzerland,2001,4
Switzerland,2002,3
Switzerland,2003,1
Switzerland,2004,1
Syria,1983,1
Syria,1984,1
Syria,1985,1
Syria,1987,2
Syria,1988,4
Syria,1990,2
Syria,1991,2
Syria,1992,5
Syria,1993,2
Syria,1994,4
Syria,1995,4
Syria,1996,2
Syria,1997,2
Syria,1998,3
Syria,1999,3
Syria,2000,1
Syria,2001,2
Taiwan,1984,1
Taiwan,1985,2
Taiwan,1986,3
Taiwan,1988,1
Taiwan,1990,4
Taiwan,1991,4
Taiwan,1992,1
Taiwan,1993,2
Taiwan,1994,1
Taiwan,1995,3
Taiwan,1996,3
Taiwan,1997,1
Taiwan,1998,1
Taiwan,1999,2
Taiwan,2000,1
Taiwan,2001,1
Thailand,1972,1
Thailand,1979,1
Thailand,1980,1
Thailand,1982,6
Thailand,1983,1
Thailand,1984,3
Thailand,1985,7
Thailand,1986,15
Thailand,1987,10
Thailand,1988,14
Thailand,1989,15
Thailand,1990,18
Thailand,1991,22
Thailand,1992,15
Thailand,1993,16
Thailand,1994,14
Thailand,1995,14
Thailand,1996,7
Thailand,1997,15
Thailand,1998,4
Thailand,1999,7
Thailand,2000,4
Thailand,2001,2
Thailand,2002,2
Thailand,2004,1
The Bahamas,1989,1
The Bahamas,1991,2
The Bahamas,1993,2
The Bahamas,1994,2
The Bahamas,1995,1
The Bahamas,1996,1
The Bahamas,1998,1
The Bahamas,1999,1
Togo,1969,1
Trinidad and Tobago,1984,1
Trinidad and Tobago,1985,1
Trinidad and Tobago,1986,3
Trinidad and Tobago,1987,2
Trinidad and Tobago,1988,2
Trinidad and Tobago,1989,2
Trinidad and Tobago,1990,2
Trinidad and Tobago,1991,4
Trinidad and Tobago,1992,4
Trinidad and Tobago,1993,3
Trinidad and Tobago,1994,2
Trinidad and Tobago,1995,8
Trinidad and Tobago,1996,7
Trinidad and Tobago,1997,2
Trinidad and Tobago,1998,4
Trinidad and Tobago,1999,1
Trinidad and Tobago,2001,3
Tunisia,1970,1
Tunisia,1977,1
Tunisia,1979,1
Tunisia,1980,1
Tunisia,1981,1
Tunisia,1983,2
Tunisia,1984,2
Tunisia,1986,2
Tunisia,1987,5
Tunisia,1988,2
Tunisia,1989,3
Tunisia,1990,2
Tunisia,1991,3
Tunisia,1992,5
Tunisia,1993,8
Tunisia,1994,8
Tunisia,1995,10
Tunisia,1996,7
Tunisia,1997,11
Tunisia,1998,6
Tunisia,1999,7
Tunisia,2000,6
Tunisia,2002,1
Tunisia,2004,1
Turkey,1973,1
Turkey,1976,2
Turkey,1977,1
Turkey,1978,2
Turkey,1979,6
Turkey,1980,6
Turkey,1981,7
Turkey,1982,16
Turkey,1983,9
Turkey,1984,21
Turkey,1985,23
Turkey,1986,15
Turkey,1987,46
Turkey,1988,42
Turkey,1989,57
Turkey,1990,70
Turkey,1991,82
Turkey,1992,84
Turkey,1993,92
Turkey,1994,86
Turkey,1995,80
Turkey,1996,66
Turkey,1997,66
Turkey,1998,54
Turkey,1999,28
Turkey,2000,18
Turkey,2001,13
Turkey,2002,12
Turkey,2003,5
Turkey,2004,1
Uganda,1990,1
Uganda,1993,1
Uganda,1994,1
Uganda,2000,1
Ukraine,1972,1
Ukraine,1974,1
Ukraine,1976,1
Ukraine,1979,2
Ukraine,1980,2
Ukraine,1981,3
Ukraine,1982,1
Ukraine,1983,14
Ukraine,1984,5
Ukraine,1985,13
Ukraine,1986,21
Ukraine,1987,24
Ukraine,1988,33
Ukraine,1989,51
Ukraine,1990,68
Ukraine,1991,66
Ukraine,1992,71
Ukraine,1993,46
Ukraine,1994,49
Ukraine,1995,31
Ukraine,1996,20
Ukraine,1997,24
Ukraine,1998,10
Ukraine,1999,3
Ukraine,2000,6
Ukraine,2002,1
Ukraine,2003,2
Ukraine,2008,1
United Arab Emirates,1977,1
United Arab Emirates,1979,2
United Arab Emirates,1981,1
United Arab Emirates,1982,1
United Arab Emirates,1984,4
United Arab Emirates,1985,7
United Arab Emirates,1986,7
United Arab Emirates,1987,6
United Arab Emirates,1988,15
United Arab Emirates,1989,14
United Arab Emirates,1990,20
United Arab Emirates,1991,21
United Arab Emirates,1992,26
United Arab Emirates,1993,36
United Arab Emirates,1994,32
United Arab Emirates,1995,28
United Arab Emirates,1996,31
United Arab Emirates,1997,20
United Arab Emirates,1998,24
United Arab Emirates,1999,11
United Arab Emirates,2000,14
United Arab Emirates,2001,7
United Arab Emirates,2002,4
United Arab Emirates,2003,1
United Arab Emirates,2004,1
United Kingdom,1969,1
United Kingdom,1970,1
United Kingdom,1971,3
United Kingdom,1972,1
United Kingdom,1973,2
United Kingdom,1974,2
United Kingdom,1975,1
United Kingdom,1976,2
United Kingdom,1977,3
United Kingdom,1978,6
United Kingdom,1979,15
United Kingdom,1980,17
United Kingdom,1981,20
United Kingdom,1982,38
United Kingdom,1983,37
United Kingdom,1984,45
United Kingdom,1985,87
United Kingdom,1986,114
United Kingdom,1987,150
United Kingdom,1988,202
United Kingdom,1989,252
United Kingdom,1990,382
United Kingdom,1991,433
United Kingdom,1992,464
United Kingdom,1993,463
United Kingdom,1994,542
United Kingdom,1995,458
United Kingdom,1996,441
United Kingdom,1997,401
United Kingdom,1998,310
United Kingdom,1999,206
United Kingdom,2000,154
United Kingdom,2001,80
United Kingdom,2002,40
United Kingdom,2003,15
United Kingdom,2004,4
United Kingdom,2005,2
United Kingdom,2008,3
United Republic of Tanzania,1996,1
United Republic of Tanzania,1998,1
United States Virgin Islands,1983,1
United States Virgin Islands,1997,1
United States of America,1969,23
United States of America,1970,15
United States of America,1971,19
United States of America,1972,20
United States of America,1973,34
United States of America,1974,31
United States of America,1975,33
United States of America,1976,41
United States of America,1977,53
United States of America,1978,61
United States of America,1979,87
United States of America,1980,136
United States of America,1981,184
United States of America,1982,245
United States of America,1983,324
United States of America,1984,434
United States of America,1985,566
United States of America,1986,727
United States of America,1987,901
United States of America,1988,1183
United States of America,1989,1528
United States of America,1990,1970
United States of America,1991,1896
United States of America,1992,1926
United States of America,1993,1975
United States of America,1994,1966
United States of America,1995,1800
United States of America,1996,1647
United States of America,1997,1291
United States of America,1998,941
United States of America,1999,673
United States of America,2000,378
United States of America,2001,228
United States of America,2002,139
United States of America,2003,60
United States of America,2004,29
United States of America,2005,5
United States of America,2006,5
United States of America,2007,2
Uruguay,1977,1
Uruguay,1980,1
Uruguay,1981,1
Uruguay,1982,2
Uruguay,1985,3
Uruguay,1986,4
Uruguay,1987,2
Uruguay,1988,1
Uruguay,1989,2
Uruguay,1990,8
Uruguay,1991,9
Uruguay,1992,6
Uruguay,1993,6
Uruguay,1994,8
Uruguay,1995,6
Uruguay,1996,5
Uruguay,1997,6
Uruguay,1998,6
Uruguay,1999,1
Uruguay,2000,3
Uruguay,2001,1
Uruguay,2003,1
Uzbekistan,1986,1
Uzbekistan,1992,1
Uzbekistan,1993,3
Uzbekistan,1996,1
Uzbekistan,1998,1
Vatican,1999,1
Vatican,2001,1
Venezuela,1975,2
Venezuela,1976,2
Venezuela,1978,2
Venezuela,1979,2
Venezuela,1980,1
Venezuela,1981,1
Venezuela,1982,3
Venezuela,1983,2
Venezuela,1984,3
Venezuela,1985,4
Venezuela,1986,4
Venezuela,1987,8
Venezuela,1988,8
Venezuela,1989,9
Venezuela,1990,18
Venezuela,1991,15
Venezuela,1992,22
Venezuela,1993,22
Venezuela,1994,22
Venezuela,1995,30
Venezuela,1996,10
Venezuela,1997,16
Venezuela,1998,22
Venezuela,1999,12
Venezuela,2000,9
Venezuela,2001,8
Venezuela,2002,5
Venezuela,2003,3
Venezuela,2005,1
Vietnam,1982,1
Vietnam,1985,2
Vietnam,1986,1
Vietnam,1987,6
Vietnam,1988,3
Vietnam,1989,10
Vietnam,1990,8
Vietnam,1991,8
Vietnam,1992,12
Vietnam,1993,14
Vietnam,1994,19
Vietnam,1995,25
Vietnam,1996,11
Vietnam,1997,18
Vietnam,1998,15
Vietnam,1999,20
Vietnam,2000,18
Vietnam,2001,4
Vietnam,2002,2
Vietnam,2003,4
Vietnam,2004,1
Vietnam,2005,1
Yemen,1992,1
Yemen,1993,1
Yemen,1994,1
Yemen,1995,1
Yemen,1997,1
Yemen,1998,1
Yemen,2000,1
Zimbabwe,1991,1
Zimbabwe,1992,1
Zimbabwe,1993,1
Zimbabwe,1997,2
